879678878798798,InUse
879678878798711,InUse
879678878798722,InUse
879678878798722,InUse
879678878798722,InUse
879678878798722,InUse
879678878798722,InUse
879678878798722,InUse
879678878798722,InUse
879678878798722,InUse
879678878798722,InUse
879678878798722,InUse
879678878798722,InUse
879678878798722,InUse
879678878798722,InUse
131710003000247932,InUse
131710003000247932,InUse
131710003000247932,InUse
131710003000247932,InUse
131710003000247932,InUse
131710003000247932
131710003000247932
131710003000247932
131710003000247932
131710003000247932
131710003000247932
131710003000247932
131710003000247932
131710003000247932
131710003000247932
131710003000247932
131710003000247932
131710003000247932
131710003000247932
131710003000247932
131710003000247932
131710003000247932
131710003000247932
131710003000247932
131710003000247932
131710003000247932
131710003000247932
131710003000247932
131710003000247932
131710003000247932
131710003000247932
131710003000247932


