99000485440000,InUse
99000485440000,InUse
99000485440000,InUse
99000485440000,InUse
99000485440000,InUse
99000485440000,InUse
99000342790011,InUse
99000342790010,InUse
99000342790011,InUse
99000342705456,InUse
99000342705456,InUse
99000342705456,InUse
99000342790010,InUse
99000342790011,InUse
99000342705212,InUse
99000342705212,InUse
99000342790011,InUse
99000342705212,InUse
99000342790011
99000342790011
99000342790011
99000342790011
99000342790011
99000342790011
99000342790011
99000342790011
99000342790011
99000342790011
99000342790011
99000342790011
99000342790011
99000342790011
99000342790011
99000342790011
99000342790011
