89148000001945341625,InUse
64975749289649435894,InUse
64975749289658765894,InUse
64975749289649765894,InUse
64975749289649435894,InUse
64975749289658765894,InUse
64975749289649765894,InUse
64975749289649435894,InUse
64975749289658765894,InUse
64975749289649765894,InUse
64975749289649435894,InUse
64975749289658765894,InUse
64975749289649765894,InUse
64975749289649435894,InUse
64975749289658765894,InUse
64975749289649435894,InUse
64975749289658765894,InUse
64975749289649765894,InUse
64975749289649435894,InUse
64975749289658765894,InUse
64975749289658765894,InUse
64975749289649765894,InUse
64975749289649435894,InUse
64975749289658765894,InUse
64975749289658765894,InUse
64975749289649765894,InUse
64975749289649435894,InUse
64975749289658765894,InUse
64975749289658765894,InUse
64975749289649435894,InUse
64975749289658765894,InUse
64975749289649765894,InUse
64975749289649435894,InUse
89148000001945339348,InUse
64975749289658765894,InUse
64975749289658765894,InUse
64975749289649765894,InUse
64975749289649435894,InUse
64975749289658765894,InUse
64975749289658765894
64975749289649765894
64975749289649435894
64975749289658765894
64975749289658765894
64975749289649435894
64975749289658765894
64975749289649765894
64975749289649435894
64975749289658765894
64975749289658765894
64975749289649765894
64975749289649435894
64975749289658765894
64975749289658765894
64975749289649765894
64975749289649435894
64975749289658765894


