2028051483,0320,98104,InUse
2028051483,0320,98104,InUse
2028051483,0320,98104,InUse
2028051483,0320,98104,InUse
2028051483,0320,98104,InUse
2028051483,0320,98104,InUse
2028051483,0320,98104,InUse
2028051483,0320,98104,InUse
2028051483,0320,98104,InUse
3016395087,0240,98104,InUse
3016395087,0240,98104,InUse
2028051483,0320,98104,InUse
2028051483,0320,98104,InUse
2028051483,0320,98104,InUse
2028051483,0320,98104,InUse
2028051483,0320,98104,InUse
2028051483,0320,98104,InUse
3016395087,0240,98104,InUse
3016395087,0240,98104,InUse
3016395087,0240,98104,InUse
3016395087,0240,98104,InUse
3016395087,0240,98104,InUse
4123982070,3600,HELLO,InUse
4123982070,HELLO,3600,InUse
4123982070,HELLO,3600,InUse
4123982070,HELLO,3600,InUse
4123982070,HELLO,3600,InUse
4123982070,HELLO,3600,InUse
4123982070,HELLO,3600,InUse
4123982070,HELLO,3600,InUse
4123982070,HELLO,3600
4123982070,HELLO,3600
4123982070,HELLO,3600
4123982070,HELLO,3600
4123982070,HELLO,3600
4123982070,HELLO,3600
4123982070,HELLO,3600
4123982070,HELLO,3600
4123982070,HELLO,3600
4123982070,HELLO,3600
4123982070,HELLO,3600
4123982070,HELLO,3600
4123982070,HELLO,3600
4123982070,HELLO,3600
4123982070,HELLO,3600
4123982070,HELLO,3600
4123982070,HELLO,3600
