358821051521059,InUse
358533056714429,InUse
358821051521059,InUse
358533056714429,InUse
358821051521059,InUse
358533056714429,InUse
358821051521059,InUse
358533056714429,InUse
358821051521059,InUse
358533056714429,InUse
358821051521059,InUse
358533056714429,InUse
358821051521059,InUse
358533056714429,InUse
358821051521059,InUse
358533056714429,InUse
358821051521059,InUse
358533056714429,InUse
358821051521059,InUse
358533056714429,InUse
358821051521059,InUse
358533056714429,InUse
358821051521059,InUse
7795807946
358821051521059
358533056714429
358821051521059
358533056714429
358821051521059
358533056714429
358821051521059
358533056714429
358821051521059
358533056714429
358821051521059
358533056714429
358821051521059
358533056714429
