7795807201,InUse
7795807202,InUse
7795807103
7795807104
7795807105,InUse
9990000000000002
9900880077000099008
9990000000000002
9900880077000099008
9990000000000002
9900880077000099008
9990000000000002
9900880077000099008
9990000000000002
9900880077000099008
9990000000000002
9900880077000099008
9990000000000002
9900880077000099008
9990000000000002
9900880077000099008
9990000000000002
9900880077000099008
9990000000000002
9900880077000099008
9990000000000002
9900880077000099008
9990000000000002
9900880077000099008
9990000000000002
9900880077000099008
9990000000000002
99000342700340,InUse
99000342700340,InUse
99000342700340,InUse
99000342700340,InUse
99000342700340,InUse
99000342700340,InUse
99000342700340,InUse
99000342700340,InUse
99000342700340,InUse
99000342700340,InUse
99000342700340,InUse
99000342700340,InUse
99000342700340,InUse
99000342700340,InUse
99000342700340,InUse
99000342700340,InUse
99000342700340,InUse
99000342700340,InUse
99000342700340,InUse
99000342700340,InUse
99000342700340,InUse
99000342700340,InUse
7795807946
7795807947
7795807948
