9990000125,1427,98104,InUse
9990000125,1427,98104,InUse
9990000125,1427,98104
9990000125,1427,98104
9990000125,1427,98104
9990000125,1427,98104
9990000125,1427,98104
9990000125,1427,98104
9990000125,1427,98104
9990000125,1427,98104
9990000125,1427,98104
9990000125,1427,98104
9990000125,1427,98104
9990000125,1427,98104
9990000125,1427,98104
9990000125,1427,98104
9990000125,1427,98104
9990000125,1427,98104
9990000125,1427,98104
9990000125,1427,98104
9990000125,1427,98104
9990000125,1427,98104
9990000125,1427,98104
9990000125,1427,98104
9990000125,1427,98104
9990000125,1427,98104
9990000125,1427,98104
9990000125,1427,98104
9990000125,1427,98104
9990000125,1427,98104
9990000125,1427,98104
9990000125,1427,98104
9990000125,1427,98104
9990000125,1427,98104
9990000125,1427,98104
9990000125,1427,98104
9990000125,1427,98104
9990000125,1427,98104
9990000125,1427,98104
9990000125,1427,98104
9990000125,1427,98104
9990000125,1427,98104
